email,name
STUDENT TEST,test@gmail.com
Claire Dickinson,ddouglas@example.org
Otis Feil I,psmith@example.com
Miss Ellie Kunze,vonrueden.rhett@example.com
Dayana Bernhard IV,devin.moen@example.com
Joseph Schultz Jr.,bayer.dorian@example.org
Jamil Stark,wellington.kris@example.org
Jeanette Crona,carli12@example.org
Eugenia Lakin II,mwilkinson@example.com
Darlene Stoltenberg,kmclaughlin@example.com
Porter DuBuque,royce.strosin@example.com
Paxton Effertz,madison.kulas@example.org
Kory Dach,sophie45@example.org
Andres Goyette,jackie.wisoky@example.org
Deanna Jones,araceli44@example.com
Icie Wuckert,strosin.thomas@example.net
Prof. Araceli Hegmann IV,johan70@example.net
Kirstin Emmerich,dallin17@example.org
Dr. Kip Toy,douglas.larson@example.net
Pasquale Lind,akoepp@example.com